{
    "title": "Kenon",
    "serie": "AchiveStorms",
    "author": "Johansson Richard",
    "release": "2020",
    "pages": "",
    "synopsis":"This is an summartuatusisadsas dasd.asdasda",

    "reviews" : [ {
        "user": "nisse",
        "uid": "156das45das68das465d",
        "review": "this is great"
    },
    {
        "user": "bosse",
        "uid": "156das45das68das465d",
        "review": "this is amazing"
    },
    {
        "user": "Keanu Reeves",
        "uid": "156das45das68das465d",
        "review": "*Points* You are breathtaking"
    }
    ]
}

